﻿<?xml version="1.0"?>
<doc>
<assembly>
<name>
Gedi.BoreholePictureProcess
</name>
</assembly>
<members>
<member name="P:My.Resources.Resources.ResourceManager">
	<summary>
  返回此类使用的缓存 ResourceManager 实例。
</summary>
</member><member name="P:My.Resources.Resources.Culture">
	<summary>
  为使用此强类型资源类的所有资源查找
  重写当前线程的 CurrentUICulture 属性。
</summary>
</member><member name="T:My.Resources.Resources">
	<summary>
  强类型资源类，用于查找本地化字符串等。
</summary>
</member>
</members>
</doc>